_id,YEAR,SECTION,AIRLINE_CODE,AIRLINE_NAME,SERVICES_DEP,SERVICES_ARR,PASSENGER_EMBARKED,PASSENGER_DISEMBARKED,PASSENGER_TERMINAL,PASSENGER_TRANSIT,PASSENGER_TOTAL,CARGO_LOADED,CARGO_UNLOADED,CARGO_TERMINAL,CARGO_TRANSIT,CARGO_TOTAL,MAIL_LOADED,MAIL_UNLOADED,MAIL_TERMINAL,MAIL_TRANSIT,MAIL_TOTAL
1,2006-2007,Domestic,ABQ,AIR BLUE,5974,5974,701786,701786,1403572,0,1403572,7487,7487,14975,0,14975,0,0,0,0,0
2,2006-2007,Domestic,PIA,PAKISTAN INT',27460,27460,1991829,1991829,3983658,113739,4097397,31586,31586,63172,0,63172,500,500,1001,0,1001
3,2006-2007,Domestic,RSO,AERO ASIA,1068,1068,104590,104590,209180,0,209180,2035,2035,4069,0,4069,0,0,0,0,0
4,2006-2007,Domestic,SAI,SHAHEEN AIR,2035,2035,178149,178149,356298,0,356298,1297,1297,2593,0,2593,1121,1121,2242,0,2242
5,2006-2007,International,ABQ,AIR BLUE,1095,1099,146603,105008,251611,0,251611,1853,591,2443,0,2443,0,0,0,0,0
6,2006-2007,International,ABY,AIR ARABIA,98,98,11632,5066,16698,0,16698,68,0,68,0,68,0,0,0,0,0
7,2006-2007,International,AFG,ARIANA AFGHAN,23,23,343,205,548,0,548,0,0,0,0,0,0,0,0,0,0
8,2006-2007,International,RCE,C/O,,,,,,,,,,,,,,,,,
9,2006-2007,International,ALK,SRILANKAN,156,156,13115,13449,26564,0,26564,197,267,465,0,465,0,0,0,0,0
10,2006-2007,International,BAW,BRITISH,156,156,38463,36693,75156,0,75156,1851,870,2722,0,2722,2,221,223,0,223
11,2006-2007,International,BBC,BIMAN,90,90,11038,7685,18723,0,18723,391,334,725,0,725,0,3,3,0,3
12,2006-2007,International,CCA,AIR CHINA,108,108,8052,7345,15397,8833,24230,563,0,563,0,563,0,0,0,0,0
13,2006-2007,International,CLX,CARGOLUX,52,49,0,0,0,0,0,3397,2091,5489,0,5489,0,0,0,0,0
14,2006-2007,International,CPA,CATHAY PACIFIC,314,314,27362,25611,52973,0,52973,2975,2076,5051,0,5051,0,135,135,0,135
15,2006-2007,International,CSN,CHINA,199,199,21214,22162,43376,0,43376,193,428,622,0,622,0,0,0,0,0
16,2006-2007,International,DHX,DHL AVIATION,12,12,0,0,0,0,0,229,0,229,0,229,0,0,0,0,0
17,2006-2007,International,ETD,ETIHAD AIRWAYS,623,623,104274,88592,192866,0,192866,5692,2930,8623,0,8623,2,11,13,0,13
18,2006-2007,International,GFA,GULF AIR,1344,1346,217314,177565,394879,0,394879,12014,1907,13921,0,13921,0,55,55,0,55
19,2006-2007,International,IRA,IRAN AIR,52,52,5858,6242,12100,0,12100,214,43,257,0,257,0,9,9,0,9
20,2006-2007,International,KAC,KUWAIT,310,310,54514,50759,105273,0,105273,2781,689,3470,0,3470,0,1,1,0,1
21,2006-2007,International,MAS,MALAYSIAN,262,262,27619,22272,49891,0,49891,2622,1762,4384,0,4384,0,10,10,0,10
22,2006-2007,International,PIA,PAKISTAN INT',10799,11141,1354072,1360666,2714738,174748,2889486,38176,23487,61663,0,61663,454,111,565,0,565
23,2006-2007,International,QTR,QATAR AIRWAYS,687,687,114468,102671,217139,0,217139,4971,2349,7320,0,7320,0,40,40,0,40
24,2006-2007,International,RPK,ROYAL AIRLINES,8,8,0,0,0,0,0,13,0,13,0,13,0,0,0,0,0
25,2006-2007,International,RSO,AERO ASIA,524,521,58616,52425,111041,0,111041,1094,0,1094,0,1094,0,0,0,0,0
26,2006-2007,International,SAI,SHAHEEN AIR,1159,1147,112148,90307,202455,0,202455,1082,0,1082,0,1082,0,0,0,0,0
27,2006-2007,International,SIA,SINGAPORE,156,156,11486,11323,22809,0,22809,946,831,1776,0,1776,3,0,3,0,3
28,2006-2007,International,SVA,SAUDI ARABIAN,1719,1691,379801,399176,778977,0,778977,14204,2427,16631,0,16631,0,36,36,0,36
29,2006-2007,International,SYR,SYRIAN ARAB,210,210,10911,6147,17058,0,17058,121,9,130,0,130,0,0,0,0,0
30,2006-2007,International,THA,THAI AIRWAYS,736,730,99195,99540,198735,45055,243790,6822,4675,11497,619,12116,161,152,314,13,326
31,2006-2007,International,THY,TURKISH,208,208,21427,20941,42368,0,42368,536,150,686,0,686,2,10,11,0,11
32,2006-2007,International,UAE,EMIRATES,2149,2149,481407,461221,942628,0,942628,29787,18509,48296,0,48296,140,325,464,0,464
33,2006-2007,International,UZB,UZBEKISTAN,143,143,5150,7820,12970,0,12970,40,2,41,0,41,0,0,0,0,0
34,2007-2008,Domestic,ABQ,AIR BLUE,4917,4917,574892,574892,1149784,0,1149784,3392,3392,6783,0,6783,0,0,0,0,0
35,2007-2008,Domestic,PIA,PAKISTAN INT',37165,37165,2362792,2362792,4725584,107957,4833541,38322,38322,76644,0,76644,488,488,976,0,976
36,2007-2008,Domestic,SAI,SHAHEEN AIR,3329,3329,322101,322101,644202,0,644202,3035,3035,6070,0,6070,1283,1283,2566,0,2566
37,2007-2008,International,ABQ,AIR BLUE,1438,1438,202784,182360,385144,0,385144,776,31,807,0,807,0,1,1,0,1
38,2007-2008,International,ABY,AIR ARABIA,364,364,50034,44267,94301,0,94301,678,82,760,0,760,0,0,0,0,0
39,2007-2008,International,ALK,SRILANKAN,157,157,16595,17431,34026,0,34026,266,242,508,0,508,0,0,0,0,0
40,2007-2008,International,BAW,BRITISH,256,259,48981,44203,93184,0,93184,3159,918,4077,0,4077,6,126,131,0,131
41,2007-2008,International,BBC,BIMAN,99,99,15897,11249,27146,0,27146,278,23,300,0,300,0,0,0,0,0
42,2007-2008,International,CCA,AIR CHINA,105,104,7386,7007,14393,5404,19797,736,1,737,33,770,0,0,0,0,0
43,2007-2008,International,CLX,CARGOLUX,50,49,0,0,0,0,0,3258,2583,5841,0,5841,0,0,0,0,0
44,2007-2008,International,CPA,CATHAY PACIFIC,390,398,33076,33213,66289,0,66289,3253,2283,5536,0,5536,0,141,141,0,141
45,2007-2008,International,CSN,CHINA,162,162,17818,19584,37402,0,37402,244,314,558,0,558,0,0,0,0,0
46,2007-2008,International,DHX,DHL AVIATION,54,54,0,0,0,0,0,843,0,843,0,843,0,0,0,0,0
47,2007-2008,International,ETD,ETIHAD AIRWAYS,1116,1116,194803,161646,356449,0,356449,10757,5026,15783,0,15783,0,4,5,0,5
48,2007-2008,International,GFA,GULF AIR,1036,1034,185904,163493,349397,0,349397,8594,1494,10089,0,10089,0,52,52,0,52
49,2007-2008,International,IRA,IRAN AIR,51,51,6757,6982,13739,0,13739,243,45,288,0,288,2,7,9,0,9
50,2007-2008,International,IRM,MAHAN AIR,68,68,8431,6686,15117,0,15117,0,0,0,0,0,2,0,2,0,2
51,2007-2008,International,KAC,KUWAIT,312,312,44353,42355,86708,0,86708,2813,297,3110,0,3110,0,15,15,0,15
52,2007-2008,International,MAS,MALAYSIAN,432,263,33138,23652,56790,0,56790,3100,1978,5078,0,5078,0,1,1,0,1
53,2007-2008,International,OMA,OMAN AIR,149,149,18055,12060,30115,0,30115,261,27,288,0,288,0,0,0,0,0
54,2007-2008,International,PIA,PAKISTAN INT',11519,11643,1575800,1550000,3125800,144227,3270027,54169,21826,75995,0,75995,346,93,439,0,439
55,2007-2008,International,QTR,QATAR AIRWAYS,855,853,127208,101145,228353,0,228353,10727,5228,15955,0,15955,0,26,26,0,26
56,2007-2008,International,SAI,SHAHEEN AIR,1473,1476,155525,125090,280615,0,280615,1329,1,1330,0,1330,0,0,0,0,0
57,2007-2008,International,SIA,SINGAPORE,198,198,14700,15200,29900,0,29900,1165,867,2032,0,2032,13,17,29,0,29
58,2007-2008,International,SVA,SAUDI ARABIAN,1722,1712,381736,338549,720285,0,720285,19725,3267,22992,0,22992,0,23,23,0,23
59,2007-2008,International,SYR,SYRIAN ARAB,192,192,9101,4548,13649,0,13649,54,4,58,0,58,0,0,0,0,0
60,2007-2008,International,THA,THAI AIRWAYS,702,668,94988,96556,191544,19064,210608,6301,4978,11278,161,11439,97,171,268,5,272
61,2007-2008,International,THY,TURKISH,209,209,21675,20367,42042,0,42042,589,202,791,0,791,0,9,9,0,9
62,2007-2008,International,UAE,EMIRATES,2215,2214,562210,512731,1074941,0,1074941,26703,17594,44296,0,44296,159,455,614,0,614
63,2007-2008,International,UZB,UZBEKISTAN,159,158,12292,12795,25087,0,25087,28,3,31,0,31,0,0,0,0,0
64,2008-2009,Domestic,ABQ,AIR BLUE,3709,3709,474442,474442,948884,0,948884,2757,2757,5513,0,5513,0,0,0,0,0
65,2008-2009,Domestic,PIA,PAKISTAN INT',38445,38445,2371779,2371779,4743558,96233,4839791,29737,29737,59473,0,59473,368,368,737,0,737
66,2008-2009,Domestic,SAI,SHAHEEN AIR,2143,2143,240650,240650,481300,0,481300,2400,2400,4800,0,4800,728,728,1456,0,1456
67,2008-2009,International,ABQ,AIR BLUE,1920,1921,268015,255803,523818,0,523818,2983,253,3236,0,3236,0,0,0,0,0
68,2008-2009,International,ABY,AIR ARABIA,351,351,48863,48652,97515,0,97515,846,69,916,0,916,7,0,7,0,7
69,2008-2009,International,ALK,SRILANKAN,132,132,12536,13088,25624,0,25624,265,368,632,0,632,0,0,0,0,0
70,2008-2009,International,BBC,BIMAN,99,99,9804,9640,19444,0,19444,138,34,171,0,171,0,1,1,0,1
71,2008-2009,International,CCA,AIR CHINA,94,94,6329,5753,12082,3015,15097,246,6,252,0,252,0,0,0,0,0
72,2008-2009,International,CLX,CARGOLUX,50,50,0,0,0,0,0,2547,2630,5178,0,5178,0,0,0,0,0
73,2008-2009,International,CPA,CATHAY PACIFIC,379,379,33831,30710,64541,0,64541,2837,2151,4988,0,4988,0,62,62,0,62
74,2008-2009,International,CSN,CHINA,107,107,14038,14643,28681,0,28681,95,157,252,0,252,0,0,0,0,0
75,2008-2009,International,DHX,DHL AVIATION,42,42,0,0,0,0,0,756,0,756,0,756,0,0,0,0,0
76,2008-2009,International,ETD,ETIHAD AIRWAYS,1467,1467,251923,218382,470305,0,470305,14742,5602,20344,0,20344,1,60,61,0,61
77,2008-2009,International,GFA,GULF AIR,705,705,129280,123460,252740,0,252740,6223,1254,7476,0,7476,0,43,43,0,43
78,2008-2009,International,IRA,IRAN AIR,52,52,8429,8949,17378,0,17378,145,61,206,0,206,0,7,7,0,7
79,2008-2009,International,KAC,KUWAIT,314,314,36323,36838,73161,0,73161,1074,90,1164,0,1164,2,18,20,0,20
80,2008-2009,International,MAS,MALAYSIAN,216,216,24932,19616,44548,0,44548,3018,1426,4444,0,4444,0,0,0,0,0
81,2008-2009,International,OMA,OMAN AIR,249,249,27705,15683,43388,0,43388,423,71,494,0,494,0,1,1,0,1
82,2008-2009,International,PIA,PAKISTAN INT',12291,12378,1756980,1724013,3480993,150506,3631499,62511,16206,78717,0,78717,353,65,418,0,418
83,2008-2009,International,QTR,QATAR AIRWAYS,1014,1014,165756,157586,323342,0,323342,12429,5072,17501,0,17501,26,70,96,0,96
84,2008-2009,International,SAI,SHAHEEN AIR,1615,1620,179380,148808,328188,0,328188,1092,0,1092,0,1092,0,0,0,0,0
85,2008-2009,International,SIA,SINGAPORE,113,113,9265,9566,18831,0,18831,725,584,1309,0,1309,3,36,38,0,38
86,2008-2009,International,SVA,SAUDI ARABIAN,1599,1580,372124,307711,679835,0,679835,15824,1085,16909,0,16909,19,32,52,0,52
87,2008-2009,International,THA,THAI AIRWAYS,620,622,95334,103917,199251,29855,229106,7222,4803,12025,553,12577,113,123,237,14,251
88,2008-2009,International,THY,TURKISH,208,208,23667,20469,44136,0,44136,423,184,607,0,607,0,26,26,0,26
89,2008-2009,International,UAE,EMIRATES,2058,2058,520638,495008,1015646,0,1015646,24149,13923,38071,0,38071,178,510,688,0,688
90,2008-2009,International,UZB,UZBEKISTAN,116,116,10684,12250,22934,0,22934,8,3,11,0,11,0,0,0,0,0
91,2009-2010,Domestic,ABQ,AIR BLUE,3326,3326,470585,470585,941170,0,941170,3206,3206,6413,0,6413,0,0,0,0,0
92,2009-2010,Domestic,PIA,PAKISTAN INT',38268,38268,2416647,2416647,4833294,70501,4903795,29455,29455,58910,0,58910,255,255,511,0,511
93,2009-2010,Domestic,SAI,SHAHEEN AIR,4173,4173,467809,467809,935618,0,935618,4912,4912,9823,0,9823,1554,1554,3109,0,3109
94,2009-2010,International,ABQ,AIR BLUE,2194,2195,283633,267670,551303,0,551303,4914,72,4986,0,4986,0,0,0,0,0
95,2009-2010,International,ABY,AIR ARABIA,485,485,65265,61145,126410,0,126410,1074,132,1206,0,1206,0,0,0,0,0
96,2009-2010,International,ALK,SRILANKAN,139,139,16856,17332,34188,0,34188,387,325,712,0,712,0,0,0,0,0
97,2009-2010,International,BBC,BIMAN,72,72,8024,6060,14084,0,14084,204,132,337,0,337,0,0,0,0,0
98,2009-2010,International,CCA,AIR CHINA,93,93,10847,10314,21161,0,21161,336,106,442,0,442,0,0,0,0,0
99,2009-2010,International,CLX,CARGOLUX,46,46,0,0,0,0,0,2499,2288,4787,0,4787,0,0,0,0,0
100,2009-2010,International,CPA,CATHAY PACIFIC,406,406,34140,44852,78992,0,78992,3478,2517,5996,0,5996,0,70,70,0,70
101,2009-2010,International,CSN,CHINA,97,97,11388,11978,23366,0,23366,104,182,287,0,287,0,0,0,0,0
102,2009-2010,International,DHX,DHL AVIATION,227,227,0,0,0,0,0,2211,0,2211,0,2211,0,0,0,0,0
103,2009-2010,International,ETD,ETIHAD AIRWAYS,1181,1182,181724,188289,370013,0,370013,11576,5110,16686,0,16686,0,80,81,0,81
104,2009-2010,International,GFA,GULF AIR,723,725,142515,122364,264879,0,264879,7929,1606,9535,0,9535,0,58,58,0,58
105,2009-2010,International,IRA,IRAN AIR,53,53,6212,6967,13179,0,13179,91,65,156,0,156,0,6,6,0,6
106,2009-2010,International,KAC,KUWAIT,325,325,42646,38949,81595,0,81595,1001,45,1046,0,1046,3,17,19,0,19
107,2009-2010,International,MAS,MALAYSIAN,208,208,34394,26258,60652,0,60652,2821,1567,4388,0,4388,0,0,0,0,0
108,2009-2010,International,OMA,OMAN AIR,365,365,47534,38282,85816,0,85816,1054,91,1145,0,1145,0,1,1,0,1
109,2009-2010,International,PIA,PAKISTAN INT',12259,12503,1779885,1739999,3519884,150884,3670768,57021,15047,72068,0,72068,342,63,406,0,406
110,2009-2010,International,QTR,QATAR AIRWAYS,982,971,176301,161838,338139,0,338139,12292,5018,17310,0,17310,0,98,98,0,98
111,2009-2010,International,SAI,SHAHEEN AIR,2264,2258,262434,266452,528886,0,528886,1075,0,1075,0,1075,0,0,0,0,0
112,2009-2010,International,SVA,SAUDI ARABIAN,1638,1643,392768,327844,720612,0,720612,20286,1735,22021,0,22021,0,43,43,0,43
113,2009-2010,International,THA,THAI AIRWAYS,760,760,132137,118968,251105,42895,294000,9837,6469,16306,702,17009,149,141,290,14,305
114,2009-2010,International,THY,TURKISH,208,208,22396,19545,41941,0,41941,475,244,719,0,719,0,23,23,0,23
115,2009-2010,International,UAE,EMIRATES,2018,2018,504934,459828,964762,0,964762,26782,20248,47030,0,47030,200,301,502,0,502
116,2009-2010,International,UZB,UZBEKISTAN,146,145,10127,9826,19953,0,19953,28,1,29,0,29,0,0,0,0,0
117,2010-2011,Domestic,ABQ,AIR BLUE,2915,2915,386210,386210,772420,0,772420,1650,1650,3301,0,3301,0,0,0,0,0
118,2010-2011,Domestic,PIA,PAKISTAN INT',34648,34648,2740770,2740770,5481540,108908,5590448,31888,31888,63777,0,63777,241,241,482,0,482
119,2010-2011,Domestic,SAI,SHAHEEN AIR,3517,3517,395187,395187,790374,0,790374,4580,4580,9161,0,9161,1215,1215,2430,0,2430
120,2010-2011,International,ABQ,AIR BLUE,2248,2247,283686,245859,529545,0,529545,3966,56,4022,0,4022,0,0,0,0,0
121,2010-2011,International,ABY,AIR ARABIA,351,352,50482,45327,95809,0,95809,871,76,947,0,947,0,0,0,0,0
122,2010-2011,International,ALK,SRILANKAN,200,200,26792,21790,48582,0,48582,450,479,929,0,929,0,0,0,0,0
123,2010-2011,International,BBC,BIMAN,102,102,8190,6996,15186,0,15186,220,186,406,0,406,0,0,0,0,0
124,2010-2011,International,CCA,AIR CHINA,103,105,13143,12500,25643,0,25643,304,130,434,0,434,0,0,0,0,0
125,2010-2011,International,CLX,CARGOLUX,51,50,0,0,0,0,0,2117,2086,4202,0,4202,0,0,0,0,0
126,2010-2011,International,CPA,CATHAY PACIFIC,413,410,33206,30812,64018,0,64018,3734,2747,6481,0,6481,0,88,88,0,88
127,2010-2011,International,CSN,CHINA,132,132,14971,15386,30357,0,30357,205,262,467,0,467,0,0,0,0,0
128,2010-2011,International,DHX,DHL AVIATION,27,27,0,0,0,0,0,437,0,437,0,437,0,0,0,0,0
129,2010-2011,International,ETD,ETIHAD AIRWAYS,1009,1009,150338,149529,299867,0,299867,10360,4243,14603,0,14603,0,46,46,0,46
130,2010-2011,International,FDB,FLY DUBAI,354,354,40727,29459,70186,0,70186,53,0,53,0,53,0,0,0,0,0
131,2010-2011,International,GFA,GULF AIR,730,730,140168,123231,263399,0,263399,6900,1596,8496,0,8496,0,54,55,0,55
132,2010-2011,International,IRA,IRAN AIR,52,52,5752,6464,12216,0,12216,52,15,66,0,66,0,5,5,0,5
133,2010-2011,International,KAC,KUWAIT,332,332,42599,44971,87570,0,87570,1084,81,1165,0,1165,0,21,21,0,21
134,2010-2011,International,MAS,MALAYSIAN,208,208,38405,26508,64913,0,64913,2522,1345,3868,0,3868,0,8,8,0,8
135,2010-2011,International,OMA,OMAN AIR,727,725,95869,84773,180642,0,180642,2190,172,2362,0,2362,0,13,13,0,13
136,2010-2011,International,PIA,PAKISTAN INT',11416,10166,1823506,1581867,3405373,232786,3638159,53349,16219,69569,0,69569,323,97,421,0,421
137,2010-2011,International,QTR,QATAR AIRWAYS,933,946,183455,169283,352738,0,352738,9968,5786,15754,0,15754,6,103,109,0,109
138,2010-2011,International,SAI,SHAHEEN AIR,2508,2618,272553,217117,489670,0,489670,1171,2,1173,0,1173,0,0,0,0,0
139,2010-2011,International,SVA,SAUDI ARABIAN,1682,1669,442634,407500,850134,277,850411,18722,1423,20144,0,20144,0,38,38,0,38
140,2010-2011,International,THA,THAI AIRWAYS,702,701,128053,115376,243429,26294,269723,10372,7585,17957,561,18517,144,130,274,17,291
141,2010-2011,International,THY,TURKISH,209,210,24430,22994,47424,0,47424,890,277,1167,0,1167,0,30,30,0,30
142,2010-2011,International,UAE,EMIRATES,2039,2039,544255,479885,1024140,0,1024140,30166,14276,44442,0,44442,118,265,384,0,384
143,2011-2012,Domestic,ABQ,AIR BLUE,3422,3422,438548,438548,877096,0,877096,2408,2408,4817,0,4817,0,0,0,0,0
144,2011-2012,Domestic,PIA,PAKISTAN INT',31050,31050,2493218,2493218,4986436,98241,5084677,28597,28597,57195,0,57195,276,276,553,0,553
145,2011-2012,Domestic,SAI,SHAHEEN AIR,2940,2940,316596,316596,633192,0,633192,3293,3293,6585,0,6585,1262,1262,2524,0,2524
146,2011-2012,International,ABQ,AIR BLUE,2488,2496,329839,278260,608099,0,608099,2673,23,2697,0,2697,0,0,0,0,0
147,2011-2012,International,ABY,AIR ARABIA,371,371,53790,45289,99079,0,99079,767,86,852,0,852,0,0,0,0,0
148,2011-2012,International,ALK,SRILANKAN,305,305,33925,32176,66101,0,66101,765,964,1729,0,1729,0,0,0,0,0
149,2011-2012,International,BBC,BIMAN,99,99,10215,7593,17808,0,17808,177,119,296,0,296,0,0,0,0,0
150,2011-2012,International,CCA,AIR CHINA,102,102,14162,13019,27181,0,27181,192,38,230,0,230,0,0,0,0,0
151,2011-2012,International,CLX,CARGOLUX,53,53,0,0,0,0,0,2070,2443,4513,0,4513,0,3,3,0,3
152,2011-2012,International,CPA,CATHAY PACIFIC,414,413,33138,28601,61739,0,61739,4154,2796,6950,0,6950,0,85,85,0,85
153,2011-2012,International,CSN,CHINA,155,155,18692,19911,38603,0,38603,202,152,354,0,354,0,0,0,0,0
154,2011-2012,International,DHX,DHL AVIATION,75,75,0,0,0,0,0,1581,0,1581,0,1581,0,0,0,0,0
155,2011-2012,International,ETD,ETIHAD AIRWAYS,1281,1281,219285,213119,432404,0,432404,19215,2952,22166,0,22166,5,49,54,0,54
156,2011-2012,International,FDB,FLY DUBAI,505,505,72975,53304,126279,0,126279,643,32,675,0,675,0,0,0,0,0
157,2011-2012,International,GFA,GULF AIR,732,763,136713,123532,260245,0,260245,6700,1679,8379,0,8379,47,101,148,0,148
158,2011-2012,International,IRA,IRAN AIR,51,51,5764,6572,12336,0,12336,52,9,61,0,61,0,11,11,0,11
159,2011-2012,International,KAC,KUWAIT,362,363,43537,44895,88432,0,88432,1544,61,1605,0,1605,0,4,5,0,5
160,2011-2012,International,KNE,FLY NAS,1010,1010,0,0,0,0,0,817,0,817,0,817,0,0,0,0,0
161,2011-2012,International,MAS,MALAYSIAN,112,112,21869,16984,38853,0,38853,1347,676,2024,0,2024,0,21,21,0,21
162,2011-2012,International,OMA,OMAN AIR,733,733,104888,83911,188799,0,188799,2591,429,3020,0,3020,0,6,6,0,6
163,2011-2012,International,PIA,PAKISTAN INT',10187,10006,1789179,1667237,3456416,225828,3682244,49250,12828,62079,0,62079,368,153,521,0,521
164,2011-2012,International,QTR,QATAR AIRWAYS,890,890,196384,181621,378005,0,378005,12100,5369,17469,0,17469,54,106,159,0,159
165,2011-2012,International,RKM,RAK AIRWAYS,66,66,7629,6594,14223,0,14223,63,0,64,0,64,0,0,0,0,0
166,2011-2012,International,SAI,SHAHEEN AIR,2861,2864,413630,324364,737994,0,737994,1683,0,1683,0,1683,0,0,0,0,0
167,2011-2012,International,SVA,SAUDI ARABIAN,1814,1823,527614,464603,992217,0,992217,14605,724,15330,0,15330,0,84,84,0,84
168,2011-2012,International,THA,THAI AIRWAYS,746,736,143354,120545,263899,29404,293303,11178,7769,18948,499,19446,147,130,276,10,287
169,2011-2012,International,THY,TURKISH,208,208,20381,19257,39638,0,39638,228,386,614,0,614,0,19,19,0,19
170,2011-2012,International,UAE,EMIRATES,2298,2305,629783,578907,1208690,0,1208690,32620,16577,49197,0,49197,24,155,179,0,179
171,2012-2013,Domestic,ABQ,AIR BLUE,4946,4946,639722,639722,1279444,0,1279444,4498,4498,8996,0,8996,0,0,0,0,0
172,2012-2013,Domestic,PIA,PAKISTAN INT',25340,25340,2380523,2380523,4761046,78231,4839277,28716,28716,57432,0,57432,162,162,323,0,323
173,2012-2013,Domestic,SAI,SHAHEEN AIR,2503,2503,336278,336278,672556,0,672556,2415,2415,4830,0,4830,831,831,1662,0,1662
174,2012-2013,International,ABQ,AIR BLUE,2621,2614,364145,332539,696684,0,696684,4091,171,4262,0,4262,0,0,0,0,0
175,2012-2013,International,ABY,AIR ARABIA,552,552,70171,53466,123637,0,123637,1014,119,1133,0,1133,0,0,0,0,0
176,2012-2013,International,ALK,SRILANKAN,365,365,39216,38605,77821,0,77821,1128,853,1981,0,1981,0,0,0,0,0
177,2012-2013,International,BBC,BIMAN,19,19,1469,1459,2928,0,2928,20,9,29,0,29,0,0,0,0,0
178,2012-2013,International,CCA,AIR CHINA,102,102,12147,11444,23591,0,23591,171,37,207,0,207,0,0,0,0,0
179,2012-2013,International,CLX,CARGOLUX,50,50,0,0,0,0,0,2648,2632,5280,0,5280,0,0,0,0,0
180,2012-2013,International,CPA,CATHAY PACIFIC,409,409,32169,29873,62042,0,62042,4288,2234,6522,0,6522,0,147,147,0,147
181,2012-2013,International,CSN,CHINA,153,153,19821,21456,41277,0,41277,316,128,445,0,445,0,0,0,0,0
182,2012-2013,International,DHX,DHL AVIATION,449,449,0,0,0,0,0,11729,0,11729,0,11729,0,0,0,0,0
183,2012-2013,International,ETD,ETIHAD AIRWAYS,1349,1352,239616,237183,476799,0,476799,17953,5417,23370,0,23370,2,68,70,0,70
184,2012-2013,International,FDB,FLY DUBAI,672,672,90227,68856,159083,0,159083,1885,99,1985,0,1985,0,0,0,0,0
185,2012-2013,International,GFA,GULF AIR,717,717,128112,112623,240735,0,240735,6549,1046,7596,0,7596,135,56,192,0,192
186,2012-2013,International,IRA,IRAN AIR,51,51,6784,7351,14135,0,14135,54,25,79,0,79,0,7,7,0,7
187,2012-2013,International,KAC,KUWAIT,364,364,34800,39118,73918,0,73918,1309,90,1399,0,1399,0,9,10,0,10
188,2012-2013,International,KNE,FLY NAS,522,524,0,0,0,0,0,735,16,751,0,751,0,0,0,0,0
189,2012-2013,International,OMA,OMAN AIR,941,941,137864,111093,248957,0,248957,5262,1904,7166,0,7166,0,23,23,0,23
190,2012-2013,International,PIA,PAKISTAN INT',8505,8491,1595865,1553750,3149615,180938,3330553,52373,11656,64030,0,64030,365,156,522,0,522
191,2012-2013,International,QTR,QATAR AIRWAYS,899,899,172295,159210,331505,0,331505,12737,4552,17289,0,17289,0,79,79,0,79
192,2012-2013,International,RKM,RAK AIRWAYS,114,114,23162,11100,34262,0,34262,127,10,137,0,137,0,0,0,0,0
193,2012-2013,International,SAI,SHAHEEN AIR,3158,3220,584507,476890,1061397,0,1061397,2950,12,2962,0,2962,57,0,57,0,57
194,2012-2013,International,SVA,SAUDI ARABIAN,1830,1834,512857,452932,965789,0,965789,13803,714,14516,0,14516,0,82,82,0,82
195,2012-2013,International,THA,THAI AIRWAYS,743,743,161286,131562,292848,28190,321038,10100,7161,17261,475,17736,181,125,307,12,319
196,2012-2013,International,THY,TURKISH,207,207,24374,23754,48128,0,48128,481,143,624,0,624,0,1,1,0,1
197,2012-2013,International,UAE,EMIRATES,2824,2824,757802,694042,1451844,0,1451844,44958,17976,62934,0,62934,20,81,102,0,102
198,2013-2014,Domestic,ABQ,AIR BLUE,2955,2955,424892,424892,849784,0,849784,1085,1085,2170,0,2170,0,0,0,0,0
199,2013-2014,Domestic,MPK,AIR INDUS,3922,3922,393737,393737,787474,0,787474,1543,1543,3086,0,3086,0,0,0,0,0
200,2013-2014,Domestic,PIA,PAKISTAN INT',21877,21877,1925409,1925409,3850818,44515,3895333,20760,20760,41520,0,41520,115,115,229,0,229
201,2013-2014,Domestic,SAI,SHAHEEN AIR,5907,5907,846175,846175,1692350,0,1692350,5209,5209,10419,0,10419,1141,1141,2282,0,2282
202,2013-2014,International,ABQ,AIR BLUE,2276,2274,361217,323787,685004,0,685004,2671,247,2918,0,2918,0,0,0,0,0
203,2013-2014,International,ABY,AIR ARABIA,778,778,105893,91948,197841,0,197841,1956,267,2223,0,2223,0,0,0,0,0
204,2013-2014,International,ALK,SRILANKAN,364,364,42692,42967,85659,0,85659,1847,604,2451,0,2451,0,0,0,0,0
205,2013-2014,International,CCA,AIR CHINA,109,109,11385,10069,21454,0,21454,84,13,97,0,97,0,0,0,0,0
206,2013-2014,International,CLX,CARGOLUX,47,47,0,0,0,0,0,2210,2367,4577,0,4577,0,0,0,0,0
207,2013-2014,International,CPA,CATHAY PACIFIC,413,412,37267,34432,71699,0,71699,4386,1910,6296,0,6296,0,136,136,0,136
208,2013-2014,International,CSN,CHINA,153,153,20150,21548,41698,0,41698,488,151,639,0,639,0,0,0,0,0
209,2013-2014,International,DHX,DHL AVIATION,473,473,0,0,0,0,0,12689,0,12689,0,12689,0,0,0,0,0
210,2013-2014,International,ETD,ETIHAD AIRWAYS,1670,1670,264617,268648,533265,0,533265,13473,4917,18389,0,18389,2,86,88,0,88
211,2013-2014,International,FDB,FLY DUBAI,832,832,119582,105547,225129,0,225129,1894,159,2054,0,2054,0,0,0,0,0
212,2013-2014,International,GFA,GULF AIR,990,990,160381,156013,316394,0,316394,6044,848,6891,0,6891,97,28,126,0,126
213,2013-2014,International,IRA,IRAN AIR,50,50,7292,7516,14808,0,14808,20,11,31,0,31,0,2,2,0,2
214,2013-2014,International,KAC,KUWAIT,404,404,42317,41265,83582,0,83582,1194,27,1221,0,1221,0,21,22,0,22
215,2013-2014,International,KNE,FLY NAS,21,21,4472,4066,8538,0,8538,159,0,159,0,159,0,0,0,0,0
216,2013-2014,International,OMA,OMAN AIR,1093,1093,149873,139086,288959,0,288959,4782,1114,5895,0,5895,0,1,1,0,1
217,2013-2014,International,PIA,PAKISTAN INT',7641,7782,1504640,1453920,2958560,102963,3061523,38531,7948,46479,0,46479,334,115,448,0,448
218,2013-2014,International,QTR,QATAR AIRWAYS,1518,1520,239095,246768,485863,0,485863,11362,3909,15271,0,15271,0,77,77,0,77
219,2013-2014,International,RKM,RAK AIRWAYS,77,77,9272,9759,19031,0,19031,102,45,147,0,147,0,0,0,0,0
220,2013-2014,International,SAI,SHAHEEN AIR,3742,3750,717868,629719,1347587,0,1347587,7895,40,7935,0,7935,1,0,1,0,1
221,2013-2014,International,SFW,SAFI AIRWAYS,15,15,705,881,1586,0,1586,0,0,0,0,0,0,0,0,0,0
222,2013-2014,International,SVA,SAUDI ARABIAN,1865,1871,532258,542966,1075224,0,1075224,15431,403,15834,0,15834,0,54,54,0,54
223,2013-2014,International,THA,THAI AIRWAYS,778,778,190968,159365,350333,19534,369867,11159,8675,19834,504,20339,199,122,321,16,337
224,2013-2014,International,THY,TURKISH,294,294,35109,32448,67557,0,67557,286,81,367,0,367,0,30,30,0,30
225,2013-2014,International,UAE,EMIRATES,3243,3248,987014,901615,1888629,0,1888629,50289,19308,69597,0,69597,25,105,130,0,130
226,2014-2015,Domestic,ABQ,AIR BLUE,2621,2621,406082,406082,812164,0,812164,1893,1893,3785,0,3785,0,0,0,0,0
227,2014-2015,Domestic,MPK,AIR INDUS,2978,2978,290756,290756,581512,0,581512,1020,1020,2040,0,2040,0,0,0,0,0
228,2014-2015,Domestic,PIA,PAKISTAN INT',17500,17500,1594886,1594886,3189772,31954,3221726,10649,10649,21298,0,21298,82,82,164,0,164
229,2014-2015,Domestic,SAI,SHAHEEN AIR,5835,5835,868678,868678,1737356,0,1737356,5770,5770,11541,0,11541,0,0,0,0,0
230,2014-2015,International,ABQ,AIR BLUE,3090,3090,553135,494527,1047662,0,1047662,3128,89,3218,0,3218,0,0,0,0,0
231,2014-2015,International,ABY,AIR ARABIA,1228,1228,164337,149877,314214,0,314214,2873,252,3125,0,3125,0,0,0,0,0
232,2014-2015,International,ALK,SRILANKAN,365,365,42180,43347,85527,0,85527,893,653,1546,0,1546,0,0,0,0,0
233,2014-2015,International,CCA,AIR CHINA,94,94,9871,8507,18378,0,18378,101,14,114,0,114,0,0,0,0,0
234,2014-2015,International,CLX,CARGOLUX,40,39,0,0,0,0,0,1708,1633,3341,0,3341,0,0,0,0,0
235,2014-2015,International,CSN,CHINA,156,156,22594,23278,45872,0,45872,539,221,760,0,760,0,0,0,0,0
236,2014-2015,International,DHX,DHL AVIATION,367,367,0,0,0,0,0,10124,0,10124,0,10124,0,0,0,0,0
237,2014-2015,International,ETD,ETIHAD AIRWAYS,1959,1958,326532,288864,615396,0,615396,13778,5426,19203,0,19203,2,163,165,0,165
238,2014-2015,International,FDB,FLY DUBAI,871,883,154759,143918,298677,0,298677,2078,370,2448,0,2448,0,0,0,0,0
239,2014-2015,International,GFA,GULF AIR,1188,1183,186710,181638,368348,0,368348,7595,1279,8874,0,8874,207,22,229,0,229
240,2014-2015,International,IRA,IRAN AIR,63,63,7458,7246,14704,0,14704,46,15,61,0,61,0,4,4,0,4
241,2014-2015,International,KAC,KUWAIT,523,519,52309,48923,101232,0,101232,1859,41,1900,0,1900,1,26,27,0,27
242,2014-2015,International,KNE,FLY NAS,70,70,11916,15191,27107,0,27107,339,1,339,0,339,0,0,0,0,0
243,2014-2015,International,OMA,OMAN AIR,1112,1112,134912,117969,252881,0,252881,3153,862,4015,0,4015,0,2,2,0,2
244,2014-2015,International,PIA,PAKISTAN INT',7542,7600,1371052,1314709,2685761,56028,2741789,22457,6835,29292,0,29292,152,77,229,0,229
245,2014-2015,International,QTR,QATAR AIRWAYS,2233,2233,342303,344347,686650,0,686650,16965,8702,25667,0,25667,0,117,117,0,117
246,2014-2015,International,SAI,SHAHEEN AIR,4088,4123,768797,653190,1421987,0,1421987,5009,17,5026,0,5026,7,0,7,0,7
247,2014-2015,International,SFW,SAFI AIRWAYS,104,104,5697,6663,12360,0,12360,2,0,2,0,2,0,0,0,0,0
248,2014-2015,International,SVA,SAUDI ARABIAN,2018,1997,529598,547333,1076931,0,1076931,15439,592,16032,0,16032,0,1640,1640,0,1640
249,2014-2015,International,TBM,TABAN AIRLINES,13,13,1248,1082,2330,0,2330,0,0,0,0,0,0,0,0,0,0
250,2014-2015,International,THA,THAI AIRWAYS,875,875,205429,184224,389653,24041,413694,9657,9681,19338,538,19876,267,178,445,18,463
251,2014-2015,International,THY,TURKISH,492,492,69836,63270,133106,0,133106,2244,998,3243,0,3243,1,54,54,0,54
252,2014-2015,International,UAE,EMIRATES,3870,3873,1093054,952303,2045357,0,2045357,52822,21928,74750,0,74750,118,245,363,0,363
253,2015-2016,Domestic,ABQ,AIR BLUE,2915,2915,491043,491043,982086,0,982086,2548,2548,5096,0,5096,0,0,0,0,0
254,2015-2016,Domestic,PIA,PAKISTAN INT',25615,25638,2138701,2138701,4277402,33214,4310616,11044,11044,22089,0,22089,79,79,159,0,159
255,2015-2016,Domestic,SAI,SHAHEEN AIR,5134,5134,836308,836308,1672616,0,1672616,5181,5181,10363,0,10363,14,14,28,0,28
256,2015-2016,Domestic,ABQ,AIR BLUE,3874,3877,734633,674793,1409426,0,1409426,4868,106,4974,0,4974,0,0,0,0,0
257,2015-2016,International,ABY,AIR ARABIA,2588,2619,351005,311233,662238,0,662238,4702,167,4869,0,4869,0,0,0,0,0
258,2015-2016,International,ALK,SRILANKAN,365,365,32494,36417,68911,0,68911,870,754,1623,0,1623,0,0,0,0,0
259,2015-2016,International,CCA,AIR CHINA,239,239,21561,22869,44430,0,44430,646,282,929,0,929,0,0,0,0,0
260,2015-2016,International,CSN,CHINA,184,184,25354,26716,52070,0,52070,538,189,728,0,728,0,0,0,0,0
261,2015-2016,International,DHX,DHL AVIATION,520,520,0,0,0,0,0,12523,20,12543,0,12543,0,0,0,0,0
262,2015-2016,International,ETD,ETIHAD AIRWAYS,2056,2056,297678,283124,580802,0,580802,9032,3470,12502,0,12502,0,140,140,0,140
263,2015-2016,International,FDB,FLY DUBAI,2689,2685,426767,330836,757603,0,757603,3336,610,3947,0,3947,0,0,0,0,0
264,2015-2016,International,GFA,GULF AIR,1394,1393,199023,190426,389449,0,389449,6113,1355,7469,0,7469,163,30,193,0,193
265,2015-2016,International,IRA,IRAN AIR,88,88,6971,7787,14758,0,14758,19,13,33,0,33,3,26,29,0,29
266,2015-2016,International,KAC,KUWAIT,640,640,63159,69801,132960,0,132960,2166,85,2250,0,2250,1,31,32,0,32
267,2015-2016,International,MXD,MALINDO AIR,75,75,6778,7791,14569,0,14569,0,0,0,0,0,0,0,0,0,0
268,2015-2016,International,OMA,OMAN AIR,1227,1227,142087,139677,281764,0,281764,2952,324,3276,0,3276,0,0,0,0,0
269,2015-2016,International,PIA,PAKISTAN INT',9512,9491,1495808,1439247,2935055,68796,3003851,16843,6171,23014,0,23014,84,56,140,0,140
270,2015-2016,International,QTR,QATAR AIRWAYS,3067,3037,492599,465125,957724,0,957724,24078,10926,35005,0,35005,0,112,112,0,112
271,2015-2016,International,SAI,SHAHEEN AIR,4670,4249,796429,682321,1478750,0,1478750,4812,323,5134,0,5134,8,0,8,0,8
272,2015-2016,International,SFW,SAFI AIRWAYS,99,99,5621,7466,13087,0,13087,2,1,3,0,3,0,0,0,0,0
273,2015-2016,International,SVA,SAUDI ARABIAN,2176,2174,556617,548083,1104700,0,1104700,15924,970,16894,0,16894,0,12311,12311,0,12311
274,2015-2016,International,TBM,TABAN AIRLINES,47,47,5780,5949,11729,0,11729,0,0,0,0,0,0,0,0,0,0
275,2015-2016,International,THA,THAI AIRWAYS,868,869,177789,174772,352561,24806,377367,10245,9822,20067,526,20593,259,146,404,8,412
276,2015-2016,International,THY,TURKISH,1164,1164,168867,170076,338943,0,338943,8819,65463,74282,0,74282,1,82,83,0,83
277,2015-2016,International,UAE,EMIRATES,4275,4275,1124427,1025502,2149929,0,2149929,52009,29979,81988,0,81988,54,187,241,0,241
278,2016-2017,Domestic,ABQ,AIR BLUE,2592,2592,398814,398814,797628,0,797628,1883,1883,3765,0,3765,0,0,0,0,0
279,2016-2017,Domestic,PIA,PAKISTAN INT',23903,23903,2397572,2397572,4795144,34179,4829323,11513,11513,23026,0,23026,88,88,175,0,175
280,2016-2017,Domestic,SAI,SHAHEEN AIR,3962,3962,584044,584044,1168088,0,1168088,4595,4595,9190,0,9190,9,9,18,0,18
281,2016-2017,Domestic,SEP,SERENE AIR,1683,1683,193485,193485,386970,0,386970,1380,1380,2760,0,2760,0,0,0,0,0
282,2016-2017,International,ABQ,AIR BLUE,3726,3695,692812,712897,1405709,0,1405709,2588,28,2615,0,2615,0,0,0,0,0
283,2016-2017,International,ABY,AIR ARABIA,3044,3044,409365,403385,812750,0,812750,5896,34,5930,0,5930,0,0,0,0,0
284,2016-2017,International,AHY,AZERBAIJAN,2,2,121,36,157,0,157,0,0,0,0,0,0,0,0,0,0
285,2016-2017,International,ALK,SRILANKAN,479,479,45945,37000,82945,0,82945,1110,641,1752,0,1752,0,0,0,0,0
286,2016-2017,International,CCA,AIR CHINA,367,367,31310,24054,55364,0,55364,605,711,1316,0,1316,0,19,19,0,19
287,2016-2017,International,CSN,CHINA,153,153,22490,23839,46329,0,46329,142,138,279,0,279,0,0,0,0,0
288,2016-2017,International,DHX,DHL AVIATION,575,568,0,0,0,0,0,14077,428,14504,0,14504,0,0,0,0,0
289,2016-2017,International,ETD,ETIHAD AIRWAYS,2092,2092,303185,298765,601950,0,601950,8538,2819,11357,0,11357,142,148,290,0,290
290,2016-2017,International,FDB,FLY DUBAI,3108,3108,468073,409187,877260,594,877854,3348,441,3789,0,3789,0,0,0,0,0
291,2016-2017,International,GFA,GULF AIR,1583,1583,194305,227647,421952,0,421952,6357,1641,7998,0,7998,48,22,70,0,70
292,2016-2017,International,IRA,IRAN AIR,70,70,6797,7724,14521,0,14521,35,68,103,0,103,22,0,23,0,23
293,2016-2017,International,KAC,KUWAIT AIRWAYS,521,521,47136,53117,100253,0,100253,1712,28,1739,0,1739,0,21,22,0,22
294,2016-2017,International,KIS,KISH AIR,2,2,42,25,67,0,67,0,0,0,0,0,0,0,0,0,0
295,2016-2017,International,KMF,KAM AIR,87,87,4405,5473,9878,0,9878,2,0,2,0,2,0,0,0,0,0
296,2016-2017,International,MLR,MIHIN LANKA,47,47,4624,1519,6143,0,6143,111,0,111,0,111,0,0,0,0,0
297,2016-2017,International,MXD,MALINDO AIR,336,336,35427,37290,72717,0,72717,0,0,0,0,0,0,0,0,0,0
298,2016-2017,International,OMA,OMAN AIR,1452,1452,167941,181650,349591,0,349591,4781,898,5678,0,5678,0,0,0,0,0
299,2016-2017,International,OMS,SALAM AIR,29,29,2825,2192,5017,0,5017,36,0,36,0,36,0,0,0,0,0
300,2016-2017,International,PIA,PAKISTAN INT',9790,9781,1528396,1613957,3142353,77003,3219356,18093,7798,25891,0,25891,62,52,114,0,114
301,2016-2017,International,QTR,QATAR AIRWAYS,3364,3364,609109,571452,1180561,0,1180561,24946,10851,35798,0,35798,1,58,59,0,59
302,2016-2017,International,SAI,SHAHEEN AIR,4328,4251,793298,775181,1568479,0,1568479,5562,752,6314,0,6314,62,0,62,0,62
303,2016-2017,International,SFW,SAFI AIRWAYS,23,23,1263,1709,2972,0,2972,0,0,0,0,0,0,0,0,0,0
304,2016-2017,International,SVA,SAUDI ARABIAN,2717,2717,647084,745605,1392689,0,1392689,13643,1328,14971,0,14971,0,12750,12750,0,12750
305,2016-2017,International,TBN,TABAN AIRLINE,48,48,6941,6424,13365,0,13365,0,0,0,0,0,0,0,0,0,0
306,2016-2017,International,THA,THAI AIRWAYS,898,898,199257,196635,395892,29744,425636,11032,11460,22491,756,23247,229,312,541,16,557
307,2016-2017,International,THY,TURKISH,1142,1142,163168,162648,325816,0,325816,7574,28971,36545,0,36545,1,38,39,0,39
308,2016-2017,International,UAE,EMIRATES,3700,3700,1120756,1116858,2237614,0,2237614,45721,16613,62334,0,62334,15,206,221,0,221
309,2016-2017,International,UZB,UZBEKISTAN,17,17,1790,1333,3123,0,3123,32,1,33,0,33,0,0,0,0,0
310,2017-2018,Domestic,ABQ,AIR BLUE,1983,1983,291454,291454,582908,0,582908,1376,1376,2752,0,2752,0,0,0,0,0
311,2017-2018,Domestic,PIA,PAKISTAN INT',21815,21815,2208253,2208253,4416506,23965,4440471,9734,9734,19468,0,19468,125,125,250,0,250
312,2017-2018,Domestic,SAI,SHAHEEN AIR,3550,3550,471737,471737,943474,0,943474,4227,4227,8454,0,8454,79,79,158,0,158
313,2017-2018,Domestic,SEP,SERENE AIR,5457,5457,675047,675047,1350094,0,1350094,6233,6233,12465,0,12465,0,0,0,0,0
314,2017-2018,International,ABQ,AIR BLUE,3651,3702,665463,663684,1329147,0,1329147,2165,18,2182,0,2182,0,0,0,0,0
315,2017-2018,International,ABY,AIR ARABIA,3057,3057,394487,419715,814202,0,814202,6219,31,6250,0,6250,4,0,4,0,4
316,2017-2018,International,AHY,AZERBAIJAN,2,2,136,56,192,0,192,0,0,0,0,0,0,0,0,0,0
317,2017-2018,International,ALK,SRILANKAN,520,520,58922,49373,108295,0,108295,1278,1039,2317,0,2317,0,0,0,0,0
318,2017-2018,International,CCA,AIR CHINA,493,493,44874,41960,86834,0,86834,1986,10396,12382,0,12382,0,73,73,0,73
319,2017-2018,International,CSN,CHINA,218,218,25273,25772,51045,0,51045,92,181,274,0,274,0,0,0,0,0
320,2017-2018,International,DHX,DHL AVIATION,414,414,0,0,0,0,0,12059,359,12418,0,12418,0,0,0,0,0
321,2017-2018,International,ETD,ETIHAD AIRWAYS,2039,2039,292626,305339,597965,0,597965,5982,1661,7642,0,7642,225,129,354,0,354
322,2017-2018,International,FDB,FLY DUBAI,3350,3350,486311,454449,940760,1032,941792,4344,258,4602,0,4602,0,0,0,0,0
323,2017-2018,International,GFA,GULF AIR,1571,1571,189953,228285,418238,0,418238,5746,1907,7653,0,7653,31,47,78,0,78
324,2017-2018,International,IAW,IRAQI AIRWAYS,37,37,1044,1349,2393,0,2393,0,0,0,0,0,0,0,0,0,0
325,2017-2018,International,IRA,IRAN AIR,52,52,5458,5902,11360,0,11360,9,7,16,0,16,33,1,34,0,34
326,2017-2018,International,IRM,MAHAN AIR,70,70,7146,5588,12734,0,12734,1,14,15,0,15,0,0,0,0,0
327,2017-2018,International,JZR,JAZEERA,2,2,147,332,479,0,479,4,0,4,0,4,0,0,0,0,0
328,2017-2018,International,KAC,KUWAIT AIRWAYS,473,473,46371,47459,93830,0,93830,2029,31,2059,0,2059,1,11,12,0,12
329,2017-2018,International,KIS,KISH AIR,33,33,2054,1908,3962,0,3962,0,0,0,0,0,0,0,0,0,0
330,2017-2018,International,KMF,KAM AIR,113,113,5412,6533,11945,0,11945,6,1,6,0,6,0,0,0,0,0
331,2017-2018,International,KNE,FLY NAS,314,314,36016,39015,75031,0,75031,156,3,159,0,159,0,0,0,0,0
332,2017-2018,International,MXD,MALINDO AIR,283,283,27651,28090,55741,0,55741,0,0,0,0,0,0,0,0,0,0
333,2017-2018,International,OMA,OMAN AIR,1488,1488,170500,197445,367945,0,367945,3046,856,3902,0,3902,0,0,0,0,0
334,2017-2018,International,OMS,SALAM AIR,355,355,39562,30977,70539,0,70539,12,0,12,0,12,0,0,0,0,0
335,2017-2018,International,PIA,PAKISTAN INT',9134,9053,1585710,1642240,3227950,48783,3276733,21371,7915,29287,0,29287,90,41,132,0,132
336,2017-2018,International,QTR,QATAR AIRWAYS,3177,3177,488842,494140,982982,0,982982,26039,16349,42387,0,42387,1,165,166,0,166
337,2017-2018,International,SAI,SHAHEEN AIR,6004,5903,898767,957179,1855946,0,1855946,8786,442,9228,0,9228,125,0,125,0,125
338,2017-2018,International,SVA,SAUDI ARABIAN,2952,2952,700833,845673,1546506,0,1546506,13786,743,14529,0,14529,0,10794,10794,0,10794
339,2017-2018,International,TBN,TABAN AIRLINE,39,39,5016,4922,9938,0,9938,0,0,0,0,0,0,0,0,0,0
340,2017-2018,International,THA,THAI AIRWAYS,988,988,200226,198932,399158,18391,417549,11541,11287,22828,881,23710,163,145,308,53,361
341,2017-2018,International,THY,TURKISH,1094,1094,238348,241336,479684,0,479684,14021,6674,20695,0,20695,0,148,149,0,149
342,2017-2018,International,UAE,EMIRATES,3622,3622,1117206,1136824,2254030,0,2254030,48466,12999,61466,0,61466,14,288,303,0,303
343,2017-2018,International,UZB,UZBEKISTAN,83,83,8711,7363,16074,0,16074,140,13,153,0,153,0,0,0,0,0
344,2018-2019,Domestic,ABQ,AIR BLUE,1991,1991,314485,314485,628970,0,628970,2070,2070,4140,0,4140,0,0,0,0,0
345,2018-2019,Domestic,PIA,PAKISTAN INT',18466,18466,1795256,1795256,3590512,14845,3605357,8497,8497,16995,0,16995,67,67,133,0,133
346,2018-2019,Domestic,SAI,SHAHEEN AIR,155,155,16656,16656,33312,0,33312,161,161,321,0,321,0,0,0,0,0
347,2018-2019,Domestic,SEP,SERENE AIR,5686,5686,875536,875536,1751072,0,1751072,7996,7996,15992,0,15992,0,0,0,0,0
348,2018-2019,International,ABQ,AIR BLUE,3355,3342,618110,602191,1220301,0,1220301,2167,13,2180,0,2180,0,0,0,0,0
349,2018-2019,International,ABY,AIR ARABIA,3099,3099,459389,464956,924345,0,924345,6967,6,6973,0,6973,0,0,0,0,0
350,2018-2019,International,AHY,AZERBAIJAN,2,2,10,6,16,0,16,0,0,0,0,0,0,0,0,0,0
351,2018-2019,International,ALK,SRILANKAN,298,298,36894,36668,73562,0,73562,735,468,1203,0,1203,0,0,0,0,0
352,2018-2019,International,BAW,BRITISH,14,14,2240,2720,4960,0,4960,15,21,36,0,36,0,0,0,0,0
353,2018-2019,International,CCA,AIR CHINA,501,501,45445,63938,109383,0,109383,1695,7473,9168,0,9168,0,36,36,0,36
354,2018-2019,International,CSN,CHINA,429,429,46494,53446,99940,0,99940,70,268,339,0,339,0,0,0,0,0
355,2018-2019,International,DHX,DHL AVIATION,389,389,0,0,0,0,0,10486,289,10775,0,10775,0,0,0,0,0
356,2018-2019,International,ETD,ETIHAD AIRWAYS,1852,1852,301062,329012,630074,0,630074,6168,1687,7854,0,7854,133,139,272,0,272
357,2018-2019,International,FDB,FLY DUBAI,3472,3472,552569,510636,1063205,613,1063818,6519,224,6743,0,6743,0,0,0,0,0
358,2018-2019,International,GFA,GULF AIR,1732,1732,272168,278702,550870,0,550870,7621,1533,9154,0,9154,51,55,107,0,107
359,2018-2019,International,IAW,IRAQI AIRWAYS,94,94,8396,9747,18143,0,18143,0,0,1,0,1,0,0,0,0,0
360,2018-2019,International,IRA,IRAN AIR,53,53,8384,8927,17311,0,17311,2,21,24,0,24,170,0,170,0,170
361,2018-2019,International,IRM,MAHAN AIR,203,203,32098,20860,52958,0,52958,2,68,70,0,70,0,0,0,0,0
362,2018-2019,International,JZR,JAZEERA,147,147,18754,20975,39729,0,39729,425,3,428,0,428,0,0,0,0,0
363,2018-2019,International,KAC,KUWAIT AIRWAYS,359,359,47200,46594,93794,0,93794,2788,46,2834,0,2834,0,7,8,0,8
364,2018-2019,International,KIS,KISH AIR,4,4,444,311,755,0,755,0,0,0,0,0,0,0,0,0,0
365,2018-2019,International,KMF,KAM AIR,132,132,7149,8799,15948,0,15948,4,0,4,0,4,0,0,0,0,0
366,2018-2019,International,KNE,FLY NAS,650,650,74788,80710,155498,0,155498,922,5,928,0,928,0,0,0,0,0
367,2018-2019,International,MXD,MALINDO AIR,206,206,25806,24536,50342,0,50342,0,14,14,0,14,0,0,0,0,0
368,2018-2019,International,OMA,OMAN AIR,1520,1520,235765,237071,472836,0,472836,5006,1210,6217,0,6217,0,0,0,0,0
369,2018-2019,International,OMS,SALAM AIR,460,461,71271,66633,137904,0,137904,186,3,188,0,188,0,0,0,0,0
370,2018-2019,International,PIA,PAKISTAN INT',8656,8348,1692977,1604350,3297327,24098,3321425,16505,6016,22521,0,22521,96,23,119,0,119
371,2018-2019,International,QTR,QATAR AIRWAYS,2978,2978,559703,541013,1100716,0,1100716,31733,19042,50775,0,50775,1,172,174,0,174
372,2018-2019,International,SAI,SHAHEEN AIR,164,154,14761,28787,43548,0,43548,116,21,137,0,137,0,0,0,0,0
373,2018-2019,International,SGQ,SAUDIA GULF,467,467,62106,60856,122962,0,122962,0,0,0,0,0,0,0,0,0,0
374,2018-2019,International,SVA,SAUDI ARABIAN,3487,3487,1012680,1165402,2178082,0,2178082,19341,756,20097,0,20097,2429,19835,22265,0,22265
375,2018-2019,International,TBN,TABAN AIRLINE,15,15,1774,1834,3608,0,3608,0,0,0,0,0,0,0,0,0,0
376,2018-2019,International,THA,THAI AIRWAYS,774,774,168686,176625,345311,14847,360158,8589,8312,16900,592,17492,291,135,426,96,522
377,2018-2019,International,THY,TURKISH,1080,1080,250606,251103,501709,0,501709,13762,7034,20795,0,20795,1,128,129,0,129
378,2018-2019,International,UAE,EMIRATES,3415,3416,1140336,1180292,2320628,0,2320628,59119,15771,74890,0,74890,44,411,456,0,456
379,2018-2019,International,UZB,UZBEKISTAN,98,98,10751,9839,20590,0,20590,157,2,160,0,160,0,0,0,0,0
380,2019-2020,Domestic,ABQ,AIR BLUE,1337,1337,141307,141307,282614,0,282614,0,0,0,0,0,0,0,0,0,0
381,2019-2020,Domestic,PIA,PAKISTAN INT',13063,13063,1272249,1272249,2544498,8656,2553154,6767,6767,13534,0,13534,55,55,110,0,110
382,2019-2020,Domestic,SEP,SERENE AIR,4449,4449,697922,697922,1395844,0,1395844,5822,5822,11645,0,11645,0,0,0,0,0
383,2019-2020,International,ABQ,AIR BLUE,2577,2586,467146,409032,876178,0,876178,0,0,0,0,0,0,0,0,0,0
384,2019-2020,International,ABY,AIR ARABIA,2310,2310,336098,318782,654880,0,654880,6055,17,6072,0,6072,0,0,0,0,0
385,2019-2020,International,AHY,AZERBAIJAN,15,15,5,3,8,0,8,507,0,507,0,507,0,0,0,0,0
386,2019-2020,International,ALK,SRILANKAN,317,317,35870,36625,72495,0,72495,813,787,1600,0,1600,0,0,0,0,0
387,2019-2020,International,BAW,BRITISH,115,115,22194,22002,44196,0,44196,996,71,1067,0,1067,0,0,0,0,0
388,2019-2020,International,CCA,AIR CHINA,458,458,38109,40702,78811,0,78811,1551,1053,2604,0,2604,0,3,3,0,3
389,2019-2020,International,CSN,CHINA,289,289,24873,35175,60048,0,60048,48,338,386,0,386,0,0,0,0,0
390,2019-2020,International,DHX,DHL AVIATION,410,410,0,0,0,0,0,11638,2197,13835,0,13835,0,0,0,0,0
391,2019-2020,International,ETD,ETIHAD AIRWAYS,1209,1209,215259,189975,405234,0,405234,5666,1149,6814,0,6814,28,45,73,0,73
392,2019-2020,International,FDB,FLY DUBAI,1812,1812,274046,243662,517708,157,517865,3087,148,3235,0,3235,0,0,0,0,0
393,2019-2020,International,GFA,GULF AIR,1281,1281,183640,185056,368696,0,368696,6656,652,7308,0,7308,33,57,91,0,91
394,2019-2020,International,IAW,IRAQI AIRWAYS,95,95,9836,11759,21595,0,21595,2,0,2,0,2,0,0,0,0,0
395,2019-2020,International,IRA,IRAN AIR,35,35,5095,5911,11006,0,11006,1,4,5,0,5,1,1,1,0,1
396,2019-2020,International,IRM,MAHAN AIR,136,136,23066,14817,37883,0,37883,0,36,36,0,36,0,0,0,0,0
397,2019-2020,International,JZR,JAZEERA,163,163,17819,15837,33656,0,33656,719,8,726,0,726,0,0,0,0,0
398,2019-2020,International,KAC,KUWAIT AIRWAYS,325,325,34351,35432,69783,0,69783,4982,29,5012,0,5012,0,14,14,0,14
399,2019-2020,International,KMF,KAM AIR,109,109,4633,5192,9825,0,9825,0,0,0,0,0,0,0,0,0,0
400,2019-2020,International,KNE,FLY NAS,505,505,66542,59194,125736,0,125736,815,7,822,0,822,0,0,0,0,0
401,2019-2020,International,MXD,MALINDO AIR,184,184,23138,20814,43952,0,43952,0,19,19,0,19,0,0,0,0,0
402,2019-2020,International,OMA,OMAN AIR,936,936,154433,147477,301910,0,301910,4269,741,5010,0,5010,0,0,0,0,0
403,2019-2020,International,OMS,SALAM AIR,356,356,54775,53509,108284,0,108284,38,0,38,0,38,0,0,0,0,0
404,2019-2020,International,PIA,PAKISTAN INT',7898,7655,1493404,1463826,2957230,21517,2978747,20153,2859,23012,0,23012,98,11,109,0,109
405,2019-2020,International,QTR,QATAR AIRWAYS,2535,2535,420990,410567,831557,0,831557,26148,14220,40368,0,40368,4,240,244,0,244
406,2019-2020,International,SGQ,SAUDIA GULF,378,378,50795,24476,75271,0,75271,0,0,0,0,0,0,0,0,0,0
407,2019-2020,International,SVA,SAUDI ARABIAN,2448,2448,621903,671267,1293170,0,1293170,21095,469,21564,0,21564,954,7273,8227,0,8227
408,2019-2020,International,TBN,TABAN AIRLINE,22,22,1982,2684,4666,0,4666,0,0,0,0,0,0,0,0,0,0
409,2019-2020,International,THA,THAI AIRWAYS,746,746,151733,7970,159703,0,159703,7899,0,7899,0,7899,0,0,0,0,0
410,2019-2020,International,THY,TURKISH,801,801,185555,189992,375547,0,375547,10007,4560,14567,0,14567,0,102,102,0,102
411,2019-2020,International,UAE,EMIRATES,2670,2670,779914,813045,1592959,0,1592959,53168,11257,64425,0,64425,81,314,395,0,395
412,2019-2020,International,UZB,UZBEKISTAN,64,64,6410,6369,12779,0,12779,65,4,70,0,70,0,0,0,0,0
413,2020-2021,Domestic,ABQ,AIR BLUE,3764,3764,592229,592229,1184458,0,1184458,0,0,0,0,0,0,0,0,0,0
414,2020-2021,Domestic,PIA,PAKISTAN INT',9586,9586,1005928,1005928,2011856,5317,2017173,4870,4870,9740,0,9740,106,106,211,0,211
415,2020-2021,Domestic,SEP,SERENE AIR,4788,4788,787872,787872,1575744,0,1575744,5824,5824,11648,0,11648,0,0,0,0,0
416,2020-2021,Domestic,SIF,AIR SIAL,1776,1776,288449,288449,576898,0,576898,828,828,1655,0,1655,0,0,0,0,0
417,2020-2021,International,ABQ,AIR BLUE,2068,2068,215548,300671,516219,0,516219,27,0,27,0,27,0,0,0,0,0
418,2020-2021,International,ABY,AIR ARABIA,1685,1685,157371,204087,361458,0,361458,4957,57,5014,0,5014,0,0,0,0,0
419,2020-2021,International,AHY,AZERBAIJAN,3,3,347,127,474,0,474,0,0,0,0,0,0,0,0,0,0
420,2020-2021,International,ALK,SRILANKAN,176,176,1897,1393,3290,0,3290,990,3919,4909,0,4909,0,0,0,0,0
421,2020-2021,International,BAW,BRITISH,354,355,64588,65206,129794,0,129794,3619,395,4014,0,4014,0,7,7,0,7
422,2020-2021,International,CCA,AIR CHINA,104,104,7753,8230,15983,0,15983,302,541,843,0,843,0,5,5,0,5
423,2020-2021,International,CSN,CHINA,42,42,7024,5670,12694,0,12694,0,541,541,0,541,0,0,0,0,0
424,2020-2021,International,DHX,DHL AVIATION,485,485,0,0,0,0,0,14309,10783,25092,0,25092,0,0,0,0,0
425,2020-2021,International,ETD,ETIHAD AIRWAYS,1488,1488,120992,173573,294565,0,294565,13142,3653,16795,0,16795,240,248,488,0,488
426,2020-2021,International,FDB,FLY DUBAI,1533,1533,186932,159138,346070,0,346070,3109,216,3325,0,3325,0,0,0,0,0
427,2020-2021,International,GFA,GULF AIR,641,639,74385,70605,144990,0,144990,5113,638,5750,0,5750,0,14,14,0,14
428,2020-2021,International,IAW,IRAQI AIRWAYS,6,6,39,829,868,0,868,0,0,0,0,0,0,0,0,0,0
429,2020-2021,International,IRA,IRAN AIR,28,28,4166,2313,6479,0,6479,5,11,16,0,16,0,0,0,0,0
430,2020-2021,International,JZR,JAZEERA,97,97,1460,5982,7442,0,7442,930,14,945,0,945,0,0,0,0,0
431,2020-2021,International,KAC,KUWAIT AIRWAYS,164,164,4693,12060,16753,0,16753,6822,34,6856,0,6856,0,0,0,0,0
432,2020-2021,International,KMF,KAM AIR,175,175,21186,20957,42143,0,42143,0,0,0,0,0,0,0,0,0,0
433,2020-2021,International,KNE,FLY NAS,344,344,23894,37587,61481,0,61481,537,1,538,0,538,0,0,0,0,0
434,2020-2021,International,MXD,MALINDO AIR,13,13,104,1004,1108,0,1108,1,0,1,0,1,0,0,0,0,0
435,2020-2021,International,OMA,OMAN AIR,295,295,27911,26735,54646,0,54646,1969,1401,3370,0,3370,0,0,0,0,0
436,2020-2021,International,OMS,SALAM AIR,282,282,30527,36072,66599,0,66599,109,0,109,0,109,0,0,0,0,0
437,2020-2021,International,PGT,PEGASUS,133,133,12148,17273,29421,0,29421,9,117,127,0,127,0,0,0,0,0
438,2020-2021,International,PIA,PAKISTAN INT',4951,4723,449220,796153,1245373,13336,1258709,18342,1604,19947,0,19947,41,2,43,0,43
439,2020-2021,International,QTR,QATAR AIRWAYS,2196,2196,346959,334520,681479,0,681479,26554,15791,42345,0,42345,140,179,319,0,319
440,2020-2021,International,SEP,SERENE AIR,88,84,2862,10842,13704,0,13704,0,0,0,0,0,0,0,0,0,0
441,2020-2021,International,SVA,SAUDI ARABIAN,681,681,93077,170351,263428,0,263428,8713,295,9008,0,9008,84,3370,3454,0,3454
442,2020-2021,International,THA,THAI AIRWAYS,1,1,116,29,145,0,145,3,0,3,0,3,0,0,0,0,0
443,2020-2021,International,THY,TURKISH,903,903,190052,181859,371911,0,371911,9958,5216,15174,0,15174,0,215,215,0,215
444,2020-2021,International,UAE,EMIRATES,2254,2253,435753,412153,847906,0,847906,42525,13424,55948,0,55948,33,120,153,0,153
445,2020-2021,International,VIR,VIRGIN ATLANTIC,247,247,39009,34448,73457,0,73457,2780,481,3262,0,3262,0,0,0,0,0
446,2021-2022,Domestic,ABQ,AIR BLUE,4019,4019,720524,720524,1441048,0,1441048,1830,1830,3661,0,3661,0,0,0,0,0
447,2021-2022,Domestic,PIA,PAKISTAN INT',12281,12281,1292917,1292917,2585834,9833,2595667,5078,5078,10156,0,10156,89,89,177,0,177
448,2021-2022,Domestic,SEP,SERENE AIR,3465,3465,606612,606612,1213224,0,1213224,5104,5104,10208,0,10208,0,0,0,0,0
449,2021-2022,Domestic,SIF,AIR SIAL,3588,3588,592180,592180,1184360,0,1184360,3589,3589,7177,0,7177,0,0,0,0,0
450,2021-2022,International,ABQ,AIR BLUE,2916,2916,512226,434243,946469,0,946469,521,5,526,0,526,0,0,0,0,0
451,2021-2022,International,ABY,AIR ARABIA,2222,2222,326785,232975,559760,0,559760,5079,41,5121,0,5121,13,0,13,0,13
452,2021-2022,International,ADY,AIR ARABIA ABU,185,185,26178,19218,45396,0,45396,124,0,124,0,124,0,0,0,0,0
453,2021-2022,International,AFG,ARIANA AFGHAN,66,66,1400,957,2357,0,2357,0,0,0,0,0,0,0,0,0,0
454,2021-2022,International,ALK,SRILANKAN,292,292,24898,21789,46687,0,46687,3180,3243,6423,0,6423,0,0,0,0,0
455,2021-2022,International,BAW,BRITISH,260,259,60481,50353,110834,0,110834,2139,225,2364,0,2364,0,0,0,0,0
456,2021-2022,International,CCA,AIR CHINA,99,99,8409,5793,14202,0,14202,181,648,829,0,829,0,0,0,0,0
457,2021-2022,International,CSN,CHINA,66,66,9310,7867,17177,0,17177,0,1119,1119,0,1119,0,0,0,0,0
458,2021-2022,International,DHX,DHL AVIATION,471,471,0,0,0,0,0,20452,2630,23081,0,23081,0,0,0,0,0
459,2021-2022,International,ETD,ETIHAD AIRWAYS,1273,1273,218933,190824,409757,0,409757,11147,4414,15561,0,15561,87,141,228,0,228
460,2021-2022,International,FBA,FLY BAGHDAD,165,165,22088,14611,36699,0,36699,0,0,0,0,0,0,0,0,0,0
461,2021-2022,International,FDB,FLY DUBAI,2939,2939,441868,253334,695202,48,695250,2851,168,3018,0,3018,0,0,0,0,0
462,2021-2022,International,GFA,GULF AIR,1448,1450,217026,148807,365833,0,365833,5510,831,6341,0,6341,0,10,11,0,11
463,2021-2022,International,IAW,IRAQI AIRWAYS,6,6,995,992,1987,0,1987,0,0,0,0,0,0,0,0,0,0
464,2021-2022,International,IRA,IRAN AIR,64,64,8443,7209,15652,0,15652,2,6,8,0,8,0,1,1,0,1
465,2021-2022,International,IRM,MAHAN AIR,32,32,4564,3764,8328,0,8328,194,1,195,0,195,0,0,0,0,0
466,2021-2022,International,JZR,JAZEERA,162,162,13245,12966,26211,0,26211,942,22,964,0,964,0,0,0,0,0
467,2021-2022,International,KAC,KUWAIT AIRWAYS,201,201,32100,29589,61689,0,61689,4936,54,4991,0,4991,0,0,0,0,0
468,2021-2022,International,KMF,KAM AIR,199,199,9128,23253,32381,0,32381,0,0,0,0,0,0,0,0,0,0
469,2021-2022,International,KNE,FLY NAS,340,340,45224,29954,75178,0,75178,588,1,590,0,590,0,0,0,0,0
470,2021-2022,International,MXD,MALINDO AIR,32,32,3296,2884,6180,0,6180,0,0,0,0,0,0,0,0,0,0
471,2021-2022,International,OMA,OMAN AIR,426,426,62630,44695,107325,0,107325,2552,1042,3594,0,3594,0,0,0,0,0
472,2021-2022,International,OMS,SALAM AIR,364,363,55603,35102,90705,0,90705,0,0,0,0,0,0,0,0,0,0
473,2021-2022,International,PGT,PEGASUS,151,151,20386,18727,39113,0,39113,224,104,327,0,327,0,0,0,0,0
474,2021-2022,International,PIA,PAKISTAN INT',6882,6827,1242874,1049663,2292537,13109,2305646,22377,2761,25137,0,25137,87,2,90,0,90
475,2021-2022,International,QTR,QATAR AIRWAYS,2625,2625,622586,548332,1170918,0,1170918,25426,12744,38170,0,38170,404,259,663,0,663
476,2021-2022,International,SAW,CHAMWING,26,26,2861,2461,5322,0,5322,5,0,5,0,5,0,0,0,0,0
477,2021-2022,International,SEP,SERENE AIR,1226,1212,242709,98793,341502,0,341502,201,1,201,0,201,0,0,0,0,0
478,2021-2022,International,SIF,AIR SIAL,1,1,157,0,157,0,157,0,0,0,0,0,0,0,0,0,0
479,2021-2022,International,SVA,SAUDI ARABIAN,1917,1916,466187,449049,915236,0,915236,15238,828,16066,0,16066,0,702,702,0,702
480,2021-2022,International,TBN,TABAN AIRLINE,11,11,1427,1273,2700,0,2700,0,0,0,0,0,0,0,0,0,0
481,2021-2022,International,THA,THAI AIRWAYS,129,129,23027,16195,39222,0,39222,1420,453,1873,0,1873,0,1,1,0,1
482,2021-2022,International,THY,TURKISH,912,912,271084,248496,519580,0,519580,12098,7977,20075,0,20075,0,148,148,0,148
483,2021-2022,International,UAE,EMIRATES,2593,2593,806620,645744,1452364,0,1452364,31628,10746,42373,0,42373,110,257,367,0,367
484,2021-2022,International,UZB,UZBEKISTAN,14,14,2360,886,3246,0,3246,60,1,61,0,61,0,0,0,0,0
485,2021-2022,International,VIR,VIRGIN ATLANTIC,459,459,93365,82385,175750,0,175750,5277,1368,6645,0,6645,0,4,4,0,4
486,2022-2023,Domestic,ABQ,AIR BLUE,2178,2178,367709,367709,735418,0,735418,0,0,0,0,0,0,0,0,0,0
487,2022-2023,Domestic,FJL,FLY JINNAH,2964,2964,416430,416430,832860,0,832860,902,902,1803,0,1803,0,0,0,0,0
488,2022-2023,Domestic,PIA,PAKISTAN INT',10843,10843,1183040,1183040,2366080,2861,2368941,6642,6642,13284,0,13284,16,16,32,0,32
489,2022-2023,Domestic,SEP,SERENE AIR,1501,1501,238848,238848,477696,0,477696,2906,2906,5811,0,5811,0,0,0,0,0
490,2022-2023,Domestic,SIF,AIR SIAL,3629,3629,633417,633417,1266834,0,1266834,4208,4208,8416,0,8416,0,0,0,0,0
491,2022-2023,International,ABQ,AIR BLUE,3654,3655,731962,676861,1408823,0,1408823,0,0,0,0,0,0,0,0,0,0
492,2022-2023,International,ABY,AIR ARABIA,3076,3076,429443,395208,824651,0,824651,8395,45,8440,0,8440,231,0,231,0,231
493,2022-2023,International,ADY,AIR ARABIA ABU,206,206,27525,28243,55768,0,55768,220,0,220,0,220,0,0,0,0,0
494,2022-2023,International,AFG,ARIANA AFGHAN,2,2,118,26,144,0,144,0,0,0,0,0,0,0,0,0,0
495,2022-2023,International,ALK,SRILANKAN,352,352,49394,42454,91848,0,91848,2337,3095,5432,0,5432,0,0,0,0,0
496,2022-2023,International,BAW,BRITISH,141,141,27085,24325,51410,0,51410,1100,124,1224,0,1224,0,0,0,0,0
497,2022-2023,International,CCA,AIR CHINA,131,131,9873,8545,18418,0,18418,268,652,920,0,920,0,1,1,0,1
498,2022-2023,International,CSN,CHINA,134,134,16571,13526,30097,0,30097,151,1250,1401,0,1401,0,0,0,0,0
499,2022-2023,International,DHX,DHL AVIATION,476,476,0,0,0,0,0,21300,1617,22917,0,22917,0,0,0,0,0
500,2022-2023,International,ETD,ETIHAD AIRWAYS,1582,1582,268633,270825,539458,0,539458,4647,1300,5947,0,5947,105,45,150,0,150
501,2022-2023,International,ETH,ETHIOPIAN,23,22,1411,1769,3180,0,3180,32,0,32,0,32,0,0,0,0,0
502,2022-2023,International,FBA,FLY BAGHDAD,221,221,28291,23663,51954,0,51954,0,0,0,0,0,0,0,0,0,0
503,2022-2023,International,FDB,FLY DUBAI,3728,3728,573787,456905,1030692,0,1030692,3845,153,3998,0,3998,0,0,0,0,0
504,2022-2023,International,GFA,GULF AIR,1785,1784,242646,192907,435553,0,435553,6158,754,6912,0,6912,0,3,3,0,3
505,2022-2023,International,IAW,IRAQI AIRWAYS,107,107,9585,10272,19857,0,19857,0,0,0,0,0,0,0,0,0,0
506,2022-2023,International,IRA,IRAN AIR,53,53,5258,6274,11532,0,11532,1,2,4,0,4,0,1,1,0,1
507,2022-2023,International,IRM,MAHAN AIR,102,102,11789,12088,23877,0,23877,346,3,349,0,349,0,0,0,0,0
508,2022-2023,International,JZR,JAZEERA,223,223,26989,25281,52270,0,52270,720,46,766,0,766,0,0,0,0,0
509,2022-2023,International,KAC,KUWAIT AIRWAYS,347,347,42177,36760,78937,0,78937,1663,22,1685,0,1685,0,0,0,0,0
510,2022-2023,International,KIS,KISH AIR,7,7,501,609,1110,0,1110,0,0,0,0,0,0,0,0,0,0
511,2022-2023,International,KMF,KAM AIR,231,231,12777,18657,31434,0,31434,0,0,0,0,0,0,0,0,0,0
512,2022-2023,International,KNE,FLY NAS,703,703,106961,88064,195025,0,195025,918,16,934,0,934,0,0,0,0,0
513,2022-2023,International,MXD,MALINDO AIR,361,361,53768,31669,85437,0,85437,0,0,0,0,0,0,0,0,0,0
514,2022-2023,International,OMA,OMAN AIR,747,747,109766,95210,204976,0,204976,3093,471,3564,0,3564,0,0,0,0,0
515,2022-2023,International,OMS,SALAM AIR,477,477,82888,63804,146692,0,146692,819,0,819,0,819,0,0,0,0,0
516,2022-2023,International,PGT,PEGASUS,208,208,30364,27728,58092,0,58092,213,54,267,0,267,0,0,0,0,0
517,2022-2023,International,PIA,PAKISTAN INT',9340,9141,1847409,1630607,3478016,16816,3494832,26257,2357,28614,0,28614,70,11,81,0,81
518,2022-2023,International,QTR,QATAR AIRWAYS,3340,3341,717265,670187,1387452,0,1387452,26838,9160,35998,0,35998,140,198,338,0,338
519,2022-2023,International,SAW,CHAMWING,16,16,2163,1708,3871,0,3871,0,0,0,0,0,0,0,0,0,0
520,2022-2023,International,SEP,SERENE AIR,1774,1778,423322,351890,775212,0,775212,4246,11,4257,0,4257,0,0,0,0,0
521,2022-2023,International,SIF,AIR SIAL,116,116,18115,15016,33131,0,33131,2,0,2,0,2,0,0,0,0,0
522,2022-2023,International,SVA,SAUDI ARABIAN,2843,2841,872970,828020,1700990,0,1700990,18260,1025,19285,0,19285,0,90,90,0,90
523,2022-2023,International,TBN,TABAN AIRLINE,31,31,3824,3749,7573,0,7573,0,0,0,0,0,0,0,0,0,0
524,2022-2023,International,THA,THAI AIRWAYS,696,696,161991,127156,289147,0,289147,8377,3729,12106,0,12106,177,12,189,0,189
525,2022-2023,International,THY,TURKISH,1055,1057,265783,240309,506092,0,506092,9892,5142,15034,0,15034,0,125,125,0,125
526,2022-2023,International,UAE,EMIRATES,2693,2693,847888,778178,1626066,0,1626066,40726,9980,50706,0,50706,21,291,312,0,312
527,2022-2023,International,UZB,UZBEKISTAN,4,4,291,566,857,0,857,10,0,10,0,10,0,0,0,0,0
528,2022-2023,International,VIR,VIRGIN ATLANTIC,378,378,84179,82374,166553,0,166553,3666,1476,5143,0,5143,0,18,18,0,18
529,2023-2024,Domestic,ABQ,AIR BLUE,2243,2243,382104,382104,764208,0,764208,0,0,0,0,0,0,0,0,0,0
530,2023-2024,Domestic,FJL,FLY JINNAH,5952,5952,932999,932999,1865998,0,1865998,4827,4827,9653,0,9653,0,0,0,0,0
531,2023-2024,Domestic,PIA,PAKISTAN INT',7536,7536,824870,824870,1649740,1544,1651284,5428,5428,10855,0,10855,23,23,46,0,46
532,2023-2024,Domestic,SEP,SERENE AIR,1689,1689,292355,292355,584710,0,584710,3693,3693,7387,0,7387,0,0,0,0,0
533,2023-2024,Domestic,SIF,AIR SIAL,2332,2332,406815,406815,813630,0,813630,3050,3050,6099,0,6099,0,0,0,0,0
534,2023-2024,International,ABQ,AIR BLUE,4023,4029,757154,720305,1477459,0,1477459,0,0,0,0,0,0,0,0,0,0
535,2023-2024,International,ABY,AIR ARABIA,3099,3099,477629,418845,896474,0,896474,7720,13,7734,0,7734,0,0,0,0,0
536,2023-2024,International,ADY,AIR ARABIA ABU,210,210,30755,28945,59700,0,59700,297,0,297,0,297,0,0,0,0,0
537,2023-2024,International,AFG,ARIANA AFGHAN,5,5,369,286,655,0,655,0,0,0,0,0,0,0,0,0,0
538,2023-2024,International,AHY,AZERBAIJAN,172,172,13908,10797,24705,0,24705,105,0,105,0,105,0,0,0,0,0
539,2023-2024,International,ALK,SRILANKAN,365,365,47801,41883,89684,0,89684,2406,2800,5206,0,5206,0,10,10,0,10
540,2023-2024,International,ANK,AERO NOMAD,90,90,8822,12141,20963,0,20963,0,0,0,0,0,0,0,0,0,0
541,2023-2024,International,BAW,BRITISH,157,157,31643,30149,61792,0,61792,1245,191,1435,0,1435,0,0,0,0,0
542,2023-2024,International,CCA,AIR CHINA,320,320,21983,21546,43529,0,43529,1272,1858,3131,0,3131,0,1,1,0,1
543,2023-2024,International,CSN,CHINA,350,350,37432,34108,71540,0,71540,54,1437,1491,0,1491,0,0,0,0,0
544,2023-2024,International,DHX,DHL AVIATION,525,525,0,0,0,0,0,24905,1305,26210,0,26210,0,0,0,0,0
545,2023-2024,International,ETD,ETIHAD AIRWAYS,1930,1931,317137,299213,616350,0,616350,1736,255,1991,0,1991,223,38,261,0,261
546,2023-2024,International,ETH,ETHIOPIAN,203,204,20559,12631,33190,0,33190,295,1,296,0,296,0,4,4,0,4
547,2023-2024,International,FBA,FLY BAGHDAD,121,121,13784,11686,25470,0,25470,0,0,0,0,0,0,0,0,0,0
548,2023-2024,International,FDB,FLY DUBAI,3942,3942,655448,533590,1189038,0,1189038,4223,92,4315,0,4315,0,0,0,0,0
549,2023-2024,International,FJL,FLY JINNAH,468,468,54565,66043,120608,0,120608,1034,95,1129,0,1129,0,9,9,0,9
550,2023-2024,International,GFA,GULF AIR,1846,1846,259674,225564,485238,0,485238,4971,435,5406,0,5406,0,5,5,0,5
551,2023-2024,International,IAW,IRAQI AIRWAYS,221,221,24792,29817,54609,0,54609,2,0,2,0,2,0,0,0,0,0
552,2023-2024,International,IRA,IRAN AIR,45,45,5025,7146,12171,0,12171,24,1,25,0,25,0,0,0,0,0
553,2023-2024,International,IRM,MAHAN AIR,53,53,8357,8063,16420,0,16420,485,3,488,0,488,0,0,0,0,0
554,2023-2024,International,JZR,JAZEERA,303,304,38951,40142,79093,0,79093,929,40,969,0,969,0,0,0,0,0
555,2023-2024,International,KAC,KUWAIT AIRWAYS,417,417,49879,45592,95471,0,95471,2114,23,2137,0,2137,0,1,1,0,1
556,2023-2024,International,KMF,KAM AIR,251,251,16729,20959,37688,0,37688,0,0,0,0,0,0,0,0,0,0
557,2023-2024,International,KNE,FLY NAS,958,958,153747,144004,297751,0,297751,1559,187,1746,0,1746,0,0,0,0,0
558,2023-2024,International,MXD,MALINDO AIR,347,347,49167,42849,92016,0,92016,142,34,176,0,176,0,0,0,0,0
559,2023-2024,International,OMA,OMAN AIR,733,733,108544,90533,199077,0,199077,2635,440,3075,0,3075,0,0,0,0,0
560,2023-2024,International,OMS,SALAM AIR,754,753,132152,112929,245081,0,245081,2246,211,2457,0,2457,0,0,0,0,0
561,2023-2024,International,PGT,PEGASUS,209,209,33887,31071,64958,0,64958,178,41,218,0,218,0,0,0,0,0
562,2023-2024,International,PIA,PAKISTAN INT',9009,8470,1686417,1554363,3240780,15801,3256581,33065,1867,34932,0,34932,91,6,97,0,97
563,2023-2024,International,QTR,QATAR AIRWAYS,3385,3384,760056,719095,1479151,0,1479151,25832,13207,39039,0,39039,108,117,225,0,225
564,2023-2024,International,SAW,CHAMWING,49,49,4918,5036,9954,0,9954,0,0,0,0,0,0,0,0,0,0
565,2023-2024,International,SEP,SERENE AIR,1617,1618,341918,294849,636767,0,636767,5792,186,5978,0,5978,0,0,0,0,0
566,2023-2024,International,SIF,AIR SIAL,1584,1582,271618,254770,526388,0,526388,1001,0,1001,0,1001,0,0,0,0,0
567,2023-2024,International,SMR,SOMON AIR,1,1,52,14,66,0,66,0,0,0,0,0,0,0,0,0,0
568,2023-2024,International,SVA,SAUDI ARABIAN,3265,3272,1099720,1110828,2210548,0,2210548,23692,2244,25936,0,25936,0,47,47,0,47
569,2023-2024,International,TBN,TABAN AIRLINE,57,57,7046,6649,13695,0,13695,0,0,0,0,0,0,0,0,0,0
570,2023-2024,International,THA,THAI AIRWAYS,736,736,160996,139430,300426,0,300426,10381,11704,22086,0,22086,0,69,69,0,69
571,2023-2024,International,THY,TURKISH,1071,1071,268057,246116,514173,0,514173,12907,4659,17566,0,17566,0,56,56,0,56
572,2023-2024,International,UAE,EMIRATES,2787,2787,999664,869541,1869205,0,1869205,48249,10324,58573,0,58573,44,302,346,0,346
573,2023-2024,International,UZB,UZBEKISTAN,2,2,468,8,476,0,476,9,0,9,0,9,0,0,0,0,0
574,2023-2024,International,VIR,VIRGIN ATLANTIC,4,4,769,684,1453,0,1453,5,4,9,0,9,0,0,0,0,0
575,2023-2024,International,VSV,SCAT AIRLINES,39,39,2531,2850,5381,0,5381,0,5,5,0,5,0,0,0,0,0
